{"cameraMode":{"drawMode":0,"name":"Shaded","section":"Shading Mode"},"sceneLighting":false,"audioPlay":false,"sceneViewState":{"m_AlwaysRefresh":false,"showFog":true,"showSkybox":false,"showFlares":true,"showImageEffects":true,"showParticleSystems":true,"showVisualEffectGraphs":true,"m_FxEnabled":true},"in2DMode":false,"pivot":{"x":-0.01078420877456665,"y":0.4876428246498108,"z":-0.0010665804147720337},"rotation":{"x":0.3082194924354553,"y":0.6048734784126282,"z":-0.27361658215522768,"w":0.6813697814941406},"size":0.8454332947731018,"orthographic":false}