{"cameraMode":{"drawMode":0,"name":"Shaded","section":"Shading Mode"},"sceneLighting":false,"audioPlay":false,"sceneViewState":{"m_AlwaysRefresh":false,"showFog":true,"showSkybox":false,"showFlares":true,"showImageEffects":true,"showParticleSystems":true,"showVisualEffectGraphs":true,"m_FxEnabled":true},"in2DMode":false,"pivot":{"x":258.2372131347656,"y":564.2766723632813,"z":62.429718017578128},"rotation":{"x":0.057277657091617587,"y":0.0029902192763984205,"z":-0.00017158486298285425,"w":0.9983542561531067},"size":727.357177734375,"orthographic":false}