{"cameraMode":{"drawMode":0,"name":"Shaded","section":"Shading Mode"},"sceneLighting":false,"audioPlay":false,"sceneViewState":{"m_AlwaysRefresh":false,"showFog":true,"showSkybox":false,"showFlares":true,"showImageEffects":true,"showParticleSystems":true,"showVisualEffectGraphs":true,"m_FxEnabled":true},"in2DMode":false,"pivot":{"x":-0.28810322284698489,"y":0.4165562391281128,"z":-0.15396182239055634},"rotation":{"x":0.21891246736049653,"y":0.7745983004570007,"z":-0.35882455110549929,"w":0.47256967425346377},"size":0.7657818794250488,"orthographic":false}