{"cameraMode":{"drawMode":0,"name":"Shaded","section":"Shading Mode"},"sceneLighting":false,"audioPlay":false,"sceneViewState":{"m_AlwaysRefresh":false,"showFog":true,"showSkybox":false,"showFlares":true,"showImageEffects":true,"showParticleSystems":true,"showVisualEffectGraphs":true,"m_FxEnabled":true},"in2DMode":false,"pivot":{"x":-0.04601547122001648,"y":0.17704373598098756,"z":-0.27844002842903139},"rotation":{"x":-0.014730113558471203,"y":0.9700645804405212,"z":-0.23462656140327454,"w":-0.060901887714862826},"size":2.1037304401397707,"orthographic":false}