{"cameraMode":{"drawMode":0,"name":"Shaded","section":"Shading Mode"},"sceneLighting":false,"audioPlay":false,"sceneViewState":{"m_AlwaysRefresh":false,"showFog":true,"showSkybox":false,"showFlares":true,"showImageEffects":true,"showParticleSystems":true,"showVisualEffectGraphs":true,"m_FxEnabled":true},"in2DMode":false,"pivot":{"x":-5.960464477539063e-8,"y":0.6352093815803528,"z":-0.045185089111328128},"rotation":{"x":0.21891246736049653,"y":0.7745983004570007,"z":-0.35882455110549929,"w":0.47256967425346377},"size":0.7773544788360596,"orthographic":false}